id,first_name,last_name,email,gender
1,Ikey,Paolone,ipaolone0@etsy.com,Polygender
2,Stanislas,Beavan,sbeavan1@umn.edu,Male
3,Jo-anne,Laidlaw,jlaidlaw2@nationalgeographic.com,Female
4,Layney,Moffet,lmoffet3@joomla.org,Female
5,Torrence,Wey,twey4@apache.org,Male
6,Nikita,Turbitt,nturbitt5@zimbio.com,Male
7,Neil,McMenemy,nmcmenemy6@icq.com,Male
8,Demetria,Instock,dinstock7@wikimedia.org,Female
9,Christal,Balnaves,cbalnaves8@mashable.com,Female
10,Cooper,Kunc,ckunc9@bigcartel.com,Male
11,Luisa,Shreenan,lshreenana@a8.net,Female
12,Starla,Wyper,swyperb@youtube.com,Female
13,Giuditta,Ciubutaro,gciubutaroc@canalblog.com,Female
14,Melina,Parsons,mparsonsd@slate.com,Female
15,Brooke,Badder,bbaddere@aboutads.info,Female
16,Ebeneser,Lowndsborough,elowndsboroughf@altervista.org,Male
17,Danni,Gidney,dgidneyg@un.org,Female
18,Minda,Gritton,mgrittonh@nature.com,Female
19,Jeanie,Readman,jreadmani@skyrock.com,Female
20,Antonella,Breakspear,abreakspearj@people.com.cn,Agender
